visit_id,description,sequence_name,issued_at,iic_sequence_id,n_sps_exposures,n_mcs_exposures,n_agc_exposures,avg_exptime,eet_b,eet_r,eet_n,eet_m,pfs_design_id,avg_azimuth,avg_altitude,avg_insrot,seeing_median,transparency_median,notes,visit_set_notes,issued_at_UTC,date
128898,iic,S25A_june_44,2025-06-30 04:36:36.788247-10:00,50052,12,0,115,449.99949645996094,536.467,446.34442,313.11777,,0x2c995009f58357bd,200.1998704522203,69.60000445213153,108.98978592513444,0.49982822,0.97138995,,,2025-06-30 14:36:36.788247+00:00,20250630
128897,iic,S25A_june_44,2025-06-30 04:27:48.764048-10:00,50052,12,0,103,449.99949645996094,714.79535,792.3766,316.4856,,0x2c995009f58357bd,193.70674671412667,70.2389598975435,102.9165696222425,0.46611613,0.9862545,,,2025-06-30 14:27:48.764048+00:00,20250630
128896,iic,S25A_june_44,2025-06-30 04:19:00.539594-10:00,50052,12,0,102,449.99974822998047,839.8253,967.9547,359.659,,0x2c995009f58357bd,187.1856462432117,70.61744295445884,96.79722945050496,0.4600137,0.99803144,,,2025-06-30 14:19:00.539594+00:00,20250630
128895,iic,S25A_june_44,2025-06-30 04:10:15.183047-10:00,50052,12,0,100,449.9990005493164,842.0592,980.0593,353.04443,,0x2c995009f58357bd,180.5380396297322,70.75733059555736,90.5467434403908,0.50360763,1.0103214,,,2025-06-30 14:10:15.183047+00:00,20250630
128893,iic,S25A_june_48,2025-06-30 03:57:24.310303-10:00,50046,12,0,103,449.9984970092773,771.6009,877.49805,334.61996,,0x1ec751a5c27155bf,176.01414062205143,71.74957618160525,86.29162070601458,0.50689715,0.9714646,,,2025-06-30 13:57:24.310303+00:00,20250630
128892,iic,S25A_june_48,2025-06-30 03:48:39.051278-10:00,50046,12,0,102,450.00025177001953,754.0814,870.13,317.24698,,0x1ec751a5c27155bf,169.08634211842607,71.48079078488233,79.77878105349657,0.520958,0.9697924,,,2025-06-30 13:48:39.051278+00:00,20250630
128891,iic,S25A_june_48,2025-06-30 03:39:53.678847-10:00,50046,12,0,102,450.0009994506836,938.7415,1009.64417,385.31268,,0x1ec751a5c27155bf,162.4526662686976,70.9727575162562,73.5575668334961,0.475238,0.9755831,,,2025-06-30 13:39:53.678847+00:00,20250630
128890,iic,S25A_june_48,2025-06-30 03:31:06.130867-10:00,50046,12,0,103,450.0005035400391,1052.8328,1086.406,382.82492,,0x1ec751a5c27155bf,156.21975169895927,70.24338273495292,67.7371332656934,0.44987664,0.96930397,,,2025-06-30 13:31:06.130867+00:00,20250630
128888,iic,S25A_june_42,2025-06-30 03:18:05.950309-10:00,50040,12,0,102,450.00025177001953,1042.3907,1163.7117,450.1695,,0x7b7555b05434764b,150.66531759122523,68.1865249633789,62.58837566840939,0.46819082,1.0531391,,,2025-06-30 13:18:05.950309+00:00,20250630
128887,iic,S25A_june_42,2025-06-30 03:09:15.625130-10:00,50040,12,0,100,450.00025177001953,964.3633,1079.9929,408.0445,,0x7b7555b05434764b,145.60619676884133,67.08548144440152,57.92960101455005,0.49097863,1.0390366,,,2025-06-30 13:09:15.625130+00:00,20250630
128886,iic,S25A_june_42,2025-06-30 03:00:30.657153-10:00,50040,12,0,100,450.0,946.7221,1064.1586,393.91666,,0x7b7555b05434764b,141.04125627356382,65.84721002531289,53.76382097082945,0.52052534,1.0244532,,,2025-06-30 13:00:30.657153+00:00,20250630
128885,iic,S25A_june_42,2025-06-30 02:51:42.873935-10:00,50040,12,0,100,450.0,1207.3916,1324.8491,442.5142,,0x7b7555b05434764b,136.90534373420982,64.48363587868154,50.030152505903104,0.4685337,1.056847,,,2025-06-30 12:51:42.873935+00:00,20250630
128883,iic,S25A_june_47,2025-06-30 02:38:59.273400-10:00,50034,12,0,101,449.99974822998047,902.91,1104.3998,393.29672,,0x3c336928d9343b56,130.95449445752675,63.48564610222878,44.72944898558367,0.5173031,1.0348095,,,2025-06-30 12:38:59.273400+00:00,20250630
128882,iic,S25A_june_47,2025-06-30 02:30:13.976799-10:00,50034,12,0,101,449.99974822998047,772.26263,894.1859,326.88965,,0x3c336928d9343b56,127.66423218825769,61.88215391036912,41.865487460432384,0.5612928,1.0099295,,,2025-06-30 12:30:13.976799+00:00,20250630
128881,iic,S25A_june_47,2025-06-30 02:21:25.937684-10:00,50034,12,0,101,450.0,917.56256,1070.8197,377.7114,,0x3c336928d9343b56,124.71663293697564,60.21665719694692,39.34566999538779,0.52250963,1.0090687,,,2025-06-30 12:21:25.937684+00:00,20250630
128880,iic,S25A_june_47,2025-06-30 02:12:39.256339-10:00,50034,12,0,101,450.0004959106445,805.5324,847.3289,299.19177,,0x3c336928d9343b56,122.0396649590854,58.4825939122092,37.1026518497561,0.62953335,0.9986321,,,2025-06-30 12:12:39.256339+00:00,20250630
128878,iic,S25A_june_67,2025-06-30 01:59:35.818624-10:00,50028,12,0,97,450.0,683.6947,787.6939,311.09033,,0x43b241041d78c55f,112.05667165120444,57.991126016470105,28.817989065708257,0.65194976,0.96425545,,,2025-06-30 11:59:35.818624+00:00,20250630
128877,iic,S25A_june_67,2025-06-30 01:50:50.778875-10:00,50028,12,0,99,450.0005035400391,697.6647,742.1926,287.12286,,0x43b241041d78c55f,110.16104616711488,56.060765290380125,27.44653582932362,0.62871504,0.9585217,,,2025-06-30 11:50:50.778875+00:00,20250630
128876,iic,S25A_june_67,2025-06-30 01:42:05.479073-10:00,50028,12,0,98,450.0,836.30536,829.2621,336.3742,,0x43b241041d78c55f,108.43350994284384,54.10672684490378,26.249650751878768,0.5877116,0.9689153,,,2025-06-30 11:42:05.479073+00:00,20250630
128875,iic,S25A_june_67,2025-06-30 01:33:20.031003-10:00,50028,12,0,99,450.0007553100586,864.7182,765.4681,287.19342,,0x43b241041d78c55f,106.85932838018216,52.14571514800566,25.20831326623658,0.5875763,0.9582014,,,2025-06-30 11:33:20.031003+00:00,20250630
128873,iic,S25A_june_66,2025-06-30 01:20:12.471827-10:00,50022,12,0,101,450.0012512207031,585.7855,605.75226,228.26451,,0x6fd7d24b0dc606c3,105.48383718406038,50.27471775374389,24.34267742175774,0.62038183,0.9101746,,,2025-06-30 11:20:12.471827+00:00,20250630
128872,iic,S25A_june_66,2025-06-30 01:11:24.350913-10:00,50022,12,0,100,450.00025177001953,730.7151,737.35364,250.81706,,0x6fd7d24b0dc606c3,104.11206548130929,48.25762419439667,23.52476792786252,0.55277383,0.93889236,,,2025-06-30 11:11:24.350913+00:00,20250630
128871,iic,S25A_june_66,2025-06-30 01:02:36.221574-10:00,50022,12,0,99,450.0,567.5934,612.2822,208.68707,,0x6fd7d24b0dc606c3,102.84425810234032,46.2462103570526,22.81329036118397,0.64309835,0.89627475,,,2025-06-30 11:02:36.221574+00:00,20250630
128870,iic,S25A_june_66,2025-06-30 00:53:46.391107-10:00,50022,12,0,100,449.999252319336,669.5917,664.02893,217.93283,,0x6fd7d24b0dc606c3,101.64548773314824,44.20735952272937,22.184280414486405,0.59762007,0.9256961,,,2025-06-30 10:53:46.391107+00:00,20250630
128868,iic,S25A_june_24,2025-06-30 00:35:53.881942-10:00,50016,12,0,65,450.00025177001953,150.54402,114.14473,46.779522,,0x19a860df223e28c0,262.342200592274,29.904376095487876,159.06818943169282,0.7897649,0.93562907,El=28 at the end. by ichi@stn,,2025-06-30 10:35:53.881942+00:00,20250630
128867,iic,S25A_june_24,2025-06-30 00:27:07.029588-10:00,50016,12,0,73,449.999252319336,123.83559,105.21347,35.65474,,0x19a860df223e28c0,261.3747894909917,32.0528037272343,158.7104775565011,0.82742476,0.9295201,,,2025-06-30 10:27:07.029588+00:00,20250630
128865,iic,S25A_june_91,2025-06-30 00:08:54.441786-10:00,50008,12,0,106,450.0007553100586,670.94324,737.72345,295.7191,,0xb6839dff6f7ed6c,318.82386371451366,54.451892799055074,-148.551704012732,0.6794889,0.9329707,,,2025-06-30 10:08:54.441786+00:00,20250630
128864,iic,S25A_june_91,2025-06-30 00:00:09.201209-10:00,50008,12,0,100,449.9995040893554,784.2919,862.337,320.17752,,0xb6839dff6f7ed6c,320.3727515680873,55.82299652858753,-145.73396111483598,0.64797026,0.9381671,,,2025-06-30 10:00:09.201209+00:00,20250630
128863,iic,S25A_june_91,2025-06-29 23:51:21.113277-10:00,50008,12,0,101,450.0012512207031,737.2288,851.9207,316.14926,,0xb6839dff6f7ed6c,322.0610733408059,57.119098757288135,-142.8142509272533,0.6427304,0.9354747,,,2025-06-30 09:51:21.113277+00:00,20250630
128862,iic,S25A_june_91,2025-06-29 23:42:34.697231-10:00,50008,12,0,100,449.99825286865234,882.50073,977.7022,352.32175,,0xb6839dff6f7ed6c,323.9297901362329,58.36234759809959,-139.7247737296185,0.61830527,0.94891226,,,2025-06-30 09:42:34.697231+00:00,20250630
128849,iic,S25A_june_9,2025-06-29 21:04:32.231286-10:00,49971,12,0,103,449.9985046386719,646.9902,772.73444,336.8179,,0x6df87ac2d1762684,197.0804713152457,69.69967223826238,106.0706874091844,0.5323644,0.9366993,,,2025-06-30 07:04:32.231286+00:00,20250630
128848,iic,S25A_june_9,2025-06-29 20:55:44.703115-10:00,49971,12,0,101,449.9985046386719,733.44727,855.1695,371.50708,,0x6df87ac2d1762684,190.7146641021879,70.20681582295836,100.1068051718726,0.49326092,0.93135226,,,2025-06-30 06:55:44.703115+00:00,20250630
128847,iic,S25A_june_9,2025-06-29 20:46:56.094723-10:00,49971,12,0,100,449.9984970092773,654.5689,816.0101,349.72076,,0x6df87ac2d1762684,184.1831349235269,70.47701885925596,93.97124538136951,0.54301953,0.92528236,,,2025-06-30 06:46:56.094723+00:00,20250630
128846,iic,S25A_june_9,2025-06-29 20:38:06.946560-10:00,49971,12,0,100,449.9987564086914,604.9396,793.0766,311.75726,,0x6df87ac2d1762684,177.58517478829,70.50900978354079,87.76523833013886,0.60319895,0.9129405,,,2025-06-30 06:38:06.946560+00:00,20250630
128844,iic,S25A_june_4,2025-06-29 20:25:09.180584-10:00,49965,12,0,100,450.0,513.36194,582.299,278.15112,,0x2b6f19556846d62a,170.19624404527656,69.21006243501729,80.8179557003192,0.531549,0.82502097,,,2025-06-30 06:25:09.180584+00:00,20250630
128843,iic,S25A_june_4,2025-06-29 20:16:23.889691-10:00,49965,12,0,100,449.9987564086914,561.0086,567.155,265.21237,,0x2b6f19556846d62a,164.19925556847113,68.75112186261077,75.1924454039009,0.5483468,0.8278736,,,2025-06-30 06:16:23.889691+00:00,20250630
129136,iic,S25A_june_54,2025-07-02 04:37:34.333165-10:00,50233,12,0,123,450.0,500.7028,360.2554,278.73425,,0x4e952afa8cdd319e,208.77987911826685,70.61130149933973,116.995036630978,0.52816856,0.9697726,,,2025-07-02 14:37:34.333165+00:00,20250702
129135,iic,S25A_june_54,2025-07-02 04:28:46.342900-10:00,50233,12,0,101,449.99825286865234,644.6577,627.6939,257.30887,,0x4e952afa8cdd319e,201.97648462755927,71.58919622862868,110.67325941565,0.5575239,0.9297554,,,2025-07-02 14:28:46.342900+00:00,20250702
129134,iic,S25A_june_54,2025-07-02 04:19:58.082760-10:00,50233,12,0,102,450.0,680.0179,779.5066,320.166,,0x4e952afa8cdd319e,195.20194352312785,72.25114024092511,104.3374783771794,0.5678774,0.92185366,,,2025-07-02 14:19:58.082760+00:00,20250702
129133,iic,S25A_june_54,2025-07-02 04:11:12.050671-10:00,50233,12,0,101,449.9985046386719,680.8844,801.2144,324.69223,,0x4e952afa8cdd319e,188.03151203023972,72.66918178614725,97.60532014593116,0.5722534,0.93349904,,,2025-07-02 14:11:12.050671+00:00,20250702
129131,iic,S25A_june_43,2025-07-02 03:57:53.674911-10:00,50227,12,0,98,449.9990005493164,646.20605,730.53906,309.46283,,0x3c9af99b84faddbd,180.7184321214705,70.75555257264733,90.71622726517886,0.5781712,0.9854693,,,2025-07-02 13:57:53.674911+00:00,20250702
129130,iic,S25A_june_43,2025-07-02 03:49:08.988104-10:00,50227,12,0,97,449.9980010986328,682.1189,765.2983,320.2578,,0x3c9af99b84faddbd,174.10772579877803,70.6626229310647,84.49872499123597,0.5556082,0.98202896,,,2025-07-02 13:49:08.988104+00:00,20250702
129129,iic,S25A_june_43,2025-07-02 03:40:23.060726-10:00,50227,12,0,98,450.000244140625,708.8545,793.816,327.50085,,0x3c9af99b84faddbd,167.59649402599044,70.33344140996788,78.38259891568102,0.52940804,0.97574663,,,2025-07-02 13:40:23.060726+00:00,20250702
129128,iic,S25A_june_43,2025-07-02 03:31:34.838696-10:00,50227,12,0,97,449.9984970092773,719.3176,823.07465,313.42538,,0x3c9af99b84faddbd,161.35447951096754,69.77908892509265,72.53543474246294,0.5403288,0.9774084,,,2025-07-02 13:31:34.838696+00:00,20250702
129126,iic,S25A_june_68,2025-07-02 03:18:19.074428-10:00,50221,12,0,98,449.9982452392578,973.42206,1002.53815,388.94104,,0x6df99703ed6900ed,146.68264933164954,73.38689004346199,58.75818699870618,0.5073261,1.0425756,,,2025-07-02 13:18:19.074428+00:00,20250702
129125,iic,S25A_june_68,2025-07-02 03:09:33.842253-10:00,50221,12,0,98,450.0012435913086,903.41797,1040.1362,361.02,,0x6df99703ed6900ed,140.56712364545328,72.16045352529149,53.13219293119944,0.51877224,1.0379865,,,2025-07-02 13:09:33.842253+00:00,20250702
129124,iic,S25A_june_68,2025-07-02 03:00:48.784354-10:00,50221,12,0,98,449.99974822998047,1031.9193,1132.5653,381.87613,,0x6df99703ed6900ed,135.23157745206416,70.77097518068885,48.29009490811885,0.50701976,1.0616161,,,2025-07-02 13:00:48.784354+00:00,20250702
129123,iic,S25A_june_68,2025-07-02 02:52:01.789839-10:00,50221,12,0,97,449.9984970092773,1045.226,1010.05066,351.7995,,0x6df99703ed6900ed,130.60887059920873,69.2559078509991,44.162610489282855,0.52274555,1.0521811,,,2025-07-02 12:52:01.789839+00:00,20250702
129121,iic,S25A_june_62,2025-07-02 02:38:51.317230-10:00,50215,12,0,101,449.9987411499024,1079.9015,1045.2085,485.50897,,0x2f5c41c299e25289,127.75755246167112,66.58438835707791,41.76092450372104,0.5013381,0.983852,,,2025-07-02 12:38:51.317230+00:00,20250702
129120,iic,S25A_june_62,2025-07-02 02:30:06.421009-10:00,50215,12,0,100,450.0005035400391,903.6758,915.8299,408.66302,,0x2f5c41c299e25289,124.32263794704456,64.91878627188763,38.80601036489306,0.5606374,0.963747,,,2025-07-02 12:30:06.421009+00:00,20250702
129119,iic,S25A_june_62,2025-07-02 02:21:20.955968-10:00,50215,12,0,102,449.9992446899414,900.76373,966.8073,400.57465,,0x2f5c41c299e25289,121.2696379126572,63.17762492110089,36.23961764079768,0.57689273,0.9537766,,,2025-07-02 12:21:20.955968+00:00,20250702
129118,iic,S25A_june_62,2025-07-02 02:12:35.928971-10:00,50215,12,0,100,449.99974822998047,744.94727,771.507,342.76685,,0x2f5c41c299e25289,118.562343882091,61.38749668254188,34.02111939767107,0.6005122,0.9201742,,,2025-07-02 12:12:35.928971+00:00,20250702
129116,iic,S25A_june_57,2025-07-02 01:59:17.240816-10:00,50209,12,0,104,450.00074768066406,858.0437,848.57697,409.60617,,0x1c5b6fa040ca320a,117.2850691507878,58.55035316430781,33.1124098380787,0.55182594,0.98903346,,,2025-07-02 11:59:17.240816+00:00,20250702
129115,iic,S25A_june_57,2025-07-02 01:50:31.829650-10:00,50209,12,0,102,449.99974822998047,770.5546,776.4036,381.52722,,0x1c5b6fa040ca320a,115.09053460097894,56.68771040381455,31.399205556729942,0.5795747,0.9720967,,,2025-07-02 11:50:31.829650+00:00,20250702
129114,iic,S25A_june_57,2025-07-02 01:41:44.570890-10:00,50209,12,0,103,450.0004959106445,745.2585,722.8541,341.59064,,0x1c5b6fa040ca320a,113.10621709408969,54.8019451012358,29.89829154636549,0.58365154,0.9557505,,,2025-07-02 11:41:44.570890+00:00,20250702
129113,iic,S25A_june_57,2025-07-02 01:32:55.890870-10:00,50209,12,0,103,449.9992446899414,725.9008,689.7645,301.52512,,0x1c5b6fa040ca320a,111.28401287281572,52.880032912544586,28.56734213161008,0.6031689,0.93495685,,,2025-07-02 11:32:55.890870+00:00,20250702
129111,iic,S25A_june_50,2025-07-02 01:19:36.227417-10:00,50203,12,0,72,449.99949645996094,763.9276,776.14404,313.45126,,0x4e2c42e6e0b3e09c,111.5545796887628,51.02603031026906,28.86638173070447,0.5250172,1.0493542,,,2025-07-02 11:19:36.227417+00:00,20250702
129110,iic,S25A_june_50,2025-07-02 01:10:51.065370-10:00,50203,12,0,74,449.99974822998047,767.4642,745.52515,325.5853,,0x4e2c42e6e0b3e09c,109.93254145679856,49.090562782031576,27.723317229507757,0.53913516,1.0470166,,,2025-07-02 11:10:51.065370+00:00,20250702
129109,iic,S25A_june_50,2025-07-02 01:02:05.846319-10:00,50203,12,0,73,450.0,702.889,715.5035,259.2189,,0x4e2c42e6e0b3e09c,108.42542007342487,47.13298919573933,26.702496275609853,0.56989884,1.0621067,,,2025-07-02 11:02:05.846319+00:00,20250702
129108,iic,S25A_june_50,2025-07-02 00:53:20.028755-10:00,50203,12,0,80,449.99949645996094,705.63025,723.08466,258.56915,,0x4e2c42e6e0b3e09c,106.9875338536612,45.10950105086617,25.76967584124263,0.5885365,1.0466499,,,2025-07-02 10:53:20.028755+00:00,20250702
129106,iic,S25A_june_92,2025-07-02 00:35:06.606855-10:00,50197,12,0,102,449.99974822998047,778.52814,754.24023,325.48904,,0xf912aa7b686b470,315.06207379596987,50.039972295993714,-156.24404691370523,0.5905675,0.95785683,,,2025-07-02 10:35:06.606855+00:00,20250702
129105,iic,S25A_june_92,2025-07-02 00:26:21.412361-10:00,50197,12,0,102,449.99949645996094,828.26385,853.2241,344.5944,,0xf912aa7b686b470,316.1286225109566,51.49062021767221,-153.90214568347466,0.5594819,0.968386,,,2025-07-02 10:26:21.412361+00:00,20250702
129104,iic,S25A_june_92,2025-07-02 00:17:36.049757-10:00,50197,12,0,102,450.0005035400391,918.2072,930.12366,341.58887,,0xf912aa7b686b470,317.3251837009337,52.90911980605707,-151.44421222965892,0.54874057,0.97666144,,,2025-07-02 10:17:36.049757+00:00,20250702
129103,iic,S25A_june_92,2025-07-02 00:08:48.389431-10:00,50197,12,0,102,450.0,941.344,1005.83405,342.71307,,0xf912aa7b686b470,318.66600713962464,54.29466208481208,-148.8508811392435,0.53737485,0.98149896,,,2025-07-02 10:08:48.389431+00:00,20250702
129101,iic,S25A_june_90,2025-07-01 23:55:38.738403-10:00,50191,12,0,104,449.99949645996094,857.7808,899.59576,379.28592,,0x4e1c04c4a4e496af,318.651769172632,54.294767151608994,-148.8663268020849,0.5843217,0.9696422,,,2025-07-02 09:55:38.738403+00:00,20250702
129100,iic,S25A_june_90,2025-07-01 23:46:53.198168-10:00,50191,12,0,104,450.0009994506836,788.37024,852.1555,354.03488,,0x4e1c04c4a4e496af,320.1578122371692,55.6505015250028,-146.10996242687463,0.5998591,0.96643543,,,2025-07-02 09:46:53.198168+00:00,20250702
129099,iic,S25A_june_90,2025-07-01 23:38:05.518900-10:00,50191,12,0,103,449.99974822998047,744.2775,852.7745,359.24664,,0x4e1c04c4a4e496af,321.83135883128585,56.959264838177226,-143.19780027232883,0.60122025,0.96291494,,,2025-07-02 09:38:05.518900+00:00,20250702
129098,iic,S25A_june_90,2025-07-01 23:29:17.295175-10:00,50191,12,0,103,450.0,707.0097,869.2137,332.66605,,0x4e1c04c4a4e496af,323.68037775749167,58.21230037891922,-140.12378158200767,0.5923743,0.9613409,,,2025-07-02 09:29:17.295175+00:00,20250702
129096,iic,S25A_june_88,2025-07-01 23:16:12.231520-10:00,50185,12,0,101,449.99949645996094,730.83307,935.24866,439.68793,,0x7a1d5b7e549d508,323.64049661570584,58.19787499939867,-140.1818828864638,0.6360937,0.95274895,,,2025-07-02 09:16:12.231520+00:00,20250702
129095,iic,S25A_june_88,2025-07-01 23:07:23.573745-10:00,50185,12,0,101,450.0,684.507,930.0189,425.42722,,0x7a1d5b7e549d508,325.69987525376195,59.40507768527628,-136.8948634105363,0.65175134,0.9464397,,,2025-07-02 09:07:23.573745+00:00,20250702
129094,iic,S25A_june_88,2025-07-01 22:58:33.878553-10:00,50185,12,0,103,449.99949645996094,578.35126,757.96136,348.03897,,0x7a1d5b7e549d508,327.9688167848449,60.5459057904672,-133.40671277622093,0.68669164,0.93474686,,,2025-07-02 08:58:33.878553+00:00,20250702
129093,iic,S25A_june_88,2025-07-01 22:49:48.355441-10:00,50185,12,0,101,449.99974822998047,652.4424,853.7065,371.9692,,0x7a1d5b7e549d508,330.44934743496,61.609565152323306,-129.71745059760335,0.6775368,0.9358406,,,2025-07-02 08:49:48.355441+00:00,20250702
129091,iic,S25A_june_84,2025-07-01 22:36:29.685565-10:00,50179,12,0,75,449.99949645996094,499.88068,714.79,310.1934,,0x4086293e6381384,326.86036227396784,60.029441833496094,-135.08255641507787,0.7454137,0.97404206,,,2025-07-02 08:36:29.685565+00:00,20250702
129090,iic,S25A_june_84,2025-07-01 22:27:44.408922-10:00,50179,12,0,74,449.99949645996094,531.9172,831.30115,321.2333,,0x4086293e6381384,329.22905142355285,61.12568047542701,-131.50638001717178,0.7262943,0.975456,,,2025-07-02 08:27:44.408922+00:00,20250702
129089,iic,S25A_june_84,2025-07-01 22:18:56.490668-10:00,50179,12,0,74,450.0017547607422,498.7011,775.705,295.56143,,0x4086293e6381384,331.8136590535209,62.14196224340657,-127.7239258017316,0.738976,0.9733654,,,2025-07-02 08:18:56.490668+00:00,20250702
129088,iic,S25A_june_84,2025-07-01 22:10:08.839138-10:00,50179,12,0,77,450.00025177001953,517.27386,822.3341,289.53555,,0x4086293e6381384,334.6853273453251,63.0900034012333,-123.6357635990266,0.700475,0.9738234,,,2025-07-02 08:10:08.839138+00:00,20250702
129086,iic,S25A_june_82,2025-07-01 21:56:48.888231-10:00,50173,12,0,103,449.9987487792969,671.3713,994.17377,376.41235,,0x3f2b63fb5d2eb29f,334.6970711675819,63.10140336999571,-123.61374948105374,0.5629954,0.8542723,,,2025-07-02 07:56:48.888231+00:00,20250702
129085,iic,S25A_june_82,2025-07-01 21:47:59.345236-10:00,50173,12,0,104,450.0,706.7681,1097.1365,412.66882,,0x3f2b63fb5d2eb29f,337.767083711031,63.9395601920534,-119.34723557467666,0.53213996,0.8843611,,,2025-07-02 07:47:59.345236+00:00,20250702
129084,iic,S25A_june_82,2025-07-01 21:39:14.048890-10:00,50173,12,0,102,449.9990005493164,647.236,1019.225,325.06277,,0x3f2b63fb5d2eb29f,341.06278760956553,64.67141972983755,-114.85852597864664,0.51382965,0.8974595,,,2025-07-02 07:39:14.048890+00:00,20250702
129083,iic,S25A_june_82,2025-07-01 21:30:25.508040-10:00,50173,12,0,104,450.00025177001953,605.1975,954.97076,349.20758,,0x3f2b63fb5d2eb29f,344.5550199809827,65.28383873752429,-110.18068607458088,0.5269798,0.89759254,,,2025-07-02 07:30:25.508040+00:00,20250702
129282,iic,S25A_june_64,2025-07-03 04:44:56.332214-10:00,50342,12,0,102,449.9980010986328,213.65514,119.38617,237.6613,,0x125ebad9609a9fb9,218.8640090570217,71.00761469399056,126.35415604754192,0.7466136,0.9482356,,,2025-07-03 14:44:56.332214+00:00,20250703
129281,iic,S25A_june_64,2025-07-03 04:36:09.343650-10:00,50342,12,0,99,449.9977416992188,327.54742,322.32214,196.26985,,0x125ebad9609a9fb9,213.0306144215953,72.23255583029895,121.0037591445386,0.7758552,0.95055485,,,2025-07-03 14:36:09.343650+00:00,20250703
129279,iic,S25A_june_64,2025-07-03 04:23:25.257793-10:00,50336,12,0,100,449.9982452392578,397.9403,494.03967,221.25632,,0x125ebad9609a9fb9,203.3389843992926,73.64975810644046,112.00407667776838,0.81567025,0.9550413,,,2025-07-03 14:23:25.257793+00:00,20250703
129278,iic,S25A_june_64,2025-07-03 04:14:37.245070-10:00,50336,12,0,100,449.99798583984375,340.3328,434.87973,167.31857,,0x125ebad9609a9fb9,195.73169719639108,74.34802762311489,104.87644537171322,0.8772455,0.93042374,,,2025-07-03 14:14:37.245070+00:00,20250703
129276,iic,S25A_june_53,2025-07-03 04:01:39.237760-10:00,50330,12,0,99,449.99949645996094,374.0239,451.3218,205.20972,,0x58e39ffbdea52cfb,187.29240632177,72.69542502398467,96.91130648665693,0.7414634,0.9926068,,,2025-07-03 14:01:39.237760+00:00,20250703
129275,iic,S25A_june_53,2025-07-03 03:52:54.040370-10:00,50330,12,0,100,449.9987411499024,269.6863,350.83026,153.39076,,0x58e39ffbdea52cfb,179.9479345824588,72.82504917733112,89.998177789337,0.8606405,0.95357895,,,2025-07-03 13:52:54.040370+00:00,20250703
129274,iic,S25A_june_53,2025-07-03 03:44:08.693880-10:00,50330,12,0,99,449.9979934692383,312.61636,363.86737,153.47389,,0x58e39ffbdea52cfb,172.55581695709995,72.68959724004544,83.03857924111524,0.8653407,0.93728894,,,2025-07-03 13:44:08.693880+00:00,20250703
129273,iic,S25A_june_53,2025-07-03 03:35:19.321236-10:00,50330,12,0,100,449.9979934692383,262.04947,304.66684,130.61781,,0x58e39ffbdea52cfb,165.36257547407007,72.29228540676743,76.27865126121104,0.9334652,0.90752417,,,2025-07-03 13:35:19.321236+00:00,20250703
129271,iic,S25A_june_58,2025-07-03 03:21:42.852738-10:00,50324,12,0,66,449.9984893798828,326.50674,329.20044,143.53244,,0x5987d745033626e8,155.44823025581533,72.38126281508826,66.98455039002842,0.80089813,0.89522433,,,2025-07-03 13:21:42.852738+00:00,20250703
129270,iic,S25A_june_58,2025-07-03 03:12:53.802946-10:00,50324,12,0,66,449.9987411499024,424.95422,424.51892,174.13986,,0x5987d745033626e8,149.07792583264802,71.41451567456238,61.06694392154091,0.7536849,0.90625423,,,2025-07-03 13:12:53.802946+00:00,20250703
129269,iic,S25A_june_58,2025-07-03 03:04:05.651967-10:00,50324,12,0,66,449.9984893798828,241.8767,271.20184,96.14591,,0x5987d745033626e8,143.3628550364559,70.25998125578228,55.806824103333895,0.97608334,0.8838502,,,2025-07-03 13:04:05.651967+00:00,20250703
129268,iic,S25A_june_58,2025-07-03 02:55:17.585136-10:00,50324,12,0,74,449.9982452392578,524.99365,551.12396,202.99777,,0x5987d745033626e8,138.0883155157102,68.89050431219523,51.00741118872726,0.69081247,0.93465817,,,2025-07-03 12:55:17.585136+00:00,20250703
129266,iic,S25A_june_52,2025-07-03 02:41:57.676728-10:00,50318,12,0,101,449.9989929199219,342.2146,343.47995,135.1902,,0x39477adfee7e6e64,134.56746549559344,66.38100110133881,47.89286204746792,0.79954064,0.8877129,,,2025-07-03 12:41:57.676728+00:00,20250703
129265,iic,S25A_june_52,2025-07-03 02:33:08.306747-10:00,50318,12,0,101,449.9992446899414,424.15894,423.56415,166.72571,,0x39477adfee7e6e64,130.7117248685489,64.85293131861194,44.48028295733072,0.76405805,0.90538794,,,2025-07-03 12:33:08.306747+00:00,20250703
129264,iic,S25A_june_52,2025-07-03 02:24:22.974785-10:00,50318,12,0,101,449.9989929199219,485.75684,513.6025,191.9956,,0x39477adfee7e6e64,127.29665558913658,63.248719276465806,41.50799671417386,0.78234386,0.90648985,,,2025-07-03 12:24:22.974785+00:00,20250703
129263,iic,S25A_june_52,2025-07-03 02:15:35.815925-10:00,50318,12,0,102,449.9999923706055,329.97287,363.13867,123.05447,,0x39477adfee7e6e64,124.23976756770436,61.57223121829149,38.897999889094656,0.8780939,0.861952,,,2025-07-03 12:15:35.815925+00:00,20250703
129261,iic,S25A_june_41,2025-07-03 02:02:34.118768-10:00,50312,12,0,52,449.9999923706055,301.2997,335.44604,156.1596,,0x41004eec46d8fd83,124.80723026820591,58.64063128516788,39.44678678966704,0.89516515,0.9956818,,,2025-07-03 12:02:34.118768+00:00,20250703
129260,iic,S25A_june_41,2025-07-03 01:53:48.896770-10:00,50312,12,0,53,450.0004959106445,205.58725,229.76323,97.28635,,0x41004eec46d8fd83,122.25403038809232,56.92011564023027,37.30698868938696,1.0103971,0.9706776,,,2025-07-03 11:53:48.896770+00:00,20250703
129259,iic,S25A_june_41,2025-07-03 01:45:04.030669-10:00,50312,12,0,52,449.9989929199219,211.28127,237.76245,102.347336,,0x41004eec46d8fd83,119.9263918195452,55.15281201317197,35.396922084263394,0.97002256,0.9779229,,,2025-07-03 11:45:04.030669+00:00,20250703
129258,iic,S25A_june_41,2025-07-03 01:36:18.915172-10:00,50312,12,0,60,449.9992446899414,204.47539,231.82005,104.364075,,0x41004eec46d8fd83,117.7017752907493,53.258326254600334,33.61468830581539,1.0039376,0.9457521,,,2025-07-03 11:36:18.915172+00:00,20250703
129256,iic,S25A_june_61,2025-07-03 01:23:10.960033-10:00,50306,12,0,52,449.99949645996094,172.23463,205.68501,93.78167,,0x1e01bcab681f01f8,109.10557105654762,52.5928340003604,26.897179013206845,1.0839905,0.97401863,,,2025-07-03 11:23:10.960033+00:00,20250703
129255,iic,S25A_june_61,2025-07-03 01:14:25.617940-10:00,50306,12,0,53,449.99949645996094,97.30007,124.971725,49.237434,,0x1e01bcab681f01f8,107.54228688177662,50.633924216867605,25.85026035130581,1.2742934,0.94877285,,,2025-07-03 11:14:25.617940+00:00,20250703
129254,iic,S25A_june_61,2025-07-03 01:05:40.570264-10:00,50306,12,0,52,449.99949645996094,91.86749,117.46491,43.62738,,0x1e01bcab681f01f8,106.0946298508417,48.65842960902623,24.92679719470796,1.2853763,0.92797613,,,2025-07-03 11:05:40.570264+00:00,20250703
129253,iic,S25A_june_61,2025-07-03 00:56:51.750996-10:00,50306,12,0,76,450.0009994506836,112.21522,141.0807,51.62488,,0x1e01bcab681f01f8,104.63702462389578,46.49879627601773,24.046286040661386,1.1585596,0.91089815,,,2025-07-03 10:56:51.750996+00:00,20250703
129251,iic,S25A_june_60,2025-07-03 00:43:36.678622-10:00,50300,12,0,100,450.0,68.0511,84.61227,37.238544,,0x4cdc6357822cb199,103.52290124086598,44.72184104350076,23.40848240449061,1.3274963,0.77935445,,,2025-07-03 10:43:36.678622+00:00,20250703
129250,iic,S25A_june_60,2025-07-03 00:34:47.151409-10:00,50300,12,0,101,450.0,90.35403,111.897766,42.535904,,0x4cdc6357822cb199,102.33353341389171,42.70465677947247,22.767517644196307,1.210299,0.7951725,,,2025-07-03 10:34:47.151409+00:00,20250703
129249,iic,S25A_june_60,2025-07-03 00:26:01.967579-10:00,50300,12,0,100,449.99974822998047,139.19452,166.48993,75.93971,,0x4cdc6357822cb199,101.2036224668892,40.66557070983583,22.198061871884477,1.0692772,0.8429955,,,2025-07-03 10:26:01.967579+00:00,20250703
129248,iic,S25A_june_60,2025-07-03 00:17:13.235734-10:00,50300,12,0,100,450.0,100.56567,137.56126,56.728706,,0x4cdc6357822cb199,100.13867802406423,38.63077421805159,21.698841465053277,1.106274,0.8292212,,,2025-07-03 10:17:13.235734+00:00,20250703
129246,iic,S25A_june_89,2025-07-02 23:59:17.687937-10:00,50294,12,0,100,450.0,601.67914,754.6472,324.10205,,0x3cb485a091f29697,316.5686364385295,52.0574036772028,-152.96137436739917,0.68512505,0.9713655,,,2025-07-03 09:59:17.687937+00:00,20250703
129245,iic,S25A_june_89,2025-07-02 23:50:32.383939-10:00,50294,12,0,100,449.99974822998047,756.52454,970.19635,379.6526,,0x3cb485a091f29697,317.814808252439,53.4579049105668,-150.46291499351386,0.598463,0.9793961,,,2025-07-03 09:50:32.383939+00:00,20250703
129244,iic,S25A_june_89,2025-07-02 23:41:43.111179-10:00,50294,12,0,102,450.00025177001953,834.302,1100.636,427.23264,,0x3cb485a091f29697,319.2216795386338,54.83561920538181,-147.80214426924542,0.5643156,0.9880515,,,2025-07-03 09:41:43.111179+00:00,20250703
129243,iic,S25A_june_89,2025-07-02 23:32:58.140139-10:00,50294,12,0,101,450.0005035400391,875.2546,1143.9077,462.9652,,0x3cb485a091f29697,320.7885271645532,56.17072562983471,-144.99311497880907,0.5427679,0.9793838,,,2025-07-03 09:32:58.140139+00:00,20250703
129241,iic,S25A_june_86,2025-07-02 23:19:16.950812-10:00,50288,12,0,53,450.0,537.75256,789.4014,391.3546,,0x51cedf4b3e1c681a,319.6873134719991,55.270782470703125,-146.93708915353935,0.6570223,1.052503,,,2025-07-03 09:19:16.950812+00:00,20250703
129240,iic,S25A_june_86,2025-07-02 23:10:32.050443-10:00,50288,12,0,52,450.00074768066406,506.13828,822.0552,398.16187,,0x51cedf4b3e1c681a,321.2977289109003,56.58403124128069,-144.0946293422154,0.6616822,1.0454372,,,2025-07-03 09:10:32.050443+00:00,20250703
129239,iic,S25A_june_86,2025-07-02 23:01:46.164350-10:00,50288,12,0,80,450.0005035400391,406.5305,681.5618,323.35184,,0x51cedf4b3e1c681a,323.218994140625,57.93749526124563,-140.86338209069294,0.7199509,0.99947476,,,2025-07-03 09:01:46.164350+00:00,20250703
129238,iic,S25A_june_86,2025-07-02 22:52:57.756124-10:00,50288,12,0,103,450.0007553100586,387.36682,636.71356,299.35736,,0x51cedf4b3e1c681a,325.0630187988281,59.05960160407467,-137.89109617961202,0.7528552,0.97792417,,,2025-07-03 08:52:57.756124+00:00,20250703
129235,iic,S25A_june_85,2025-07-02 22:36:19.307698-10:00,50277,12,0,41,449.99825286865234,201.87428,371.4004,185.14781,,0x6e52f899057b0e81,327.5952902184912,60.3825729094356,-133.963205912027,0.92641366,0.9681429,,,2025-07-03 08:36:19.307698+00:00,20250703
129234,iic,S25A_june_85,2025-07-02 22:27:33.979690-10:00,50277,12,0,40,450.0000076293945,141.96266,267.39923,131.44041,,0x6e52f899057b0e81,330.0331059208623,61.45489403053566,-130.32043532383295,1.0373926,0.96002275,,,2025-07-03 08:27:33.979690+00:00,20250703
129233,iic,S25A_june_85,2025-07-02 22:18:49.177503-10:00,50277,12,0,41,449.9985046386719,95.43084,174.02463,88.36139,,0x6e52f899057b0e81,332.6965754865164,62.44689987366458,-126.45747439832572,1.1530424,0.95506734,,,2025-07-03 08:18:49.177503+00:00,20250703
129232,iic,S25A_june_85,2025-07-02 22:10:01.027538-10:00,50277,12,0,50,449.9985046386719,85.023224,159.76538,80.132225,,0x6e52f899057b0e81,335.8099443794477,63.41171638564308,-122.0629462818108,1.1924539,0.93060696,,,2025-07-03 08:10:01.027538+00:00,20250703
129230,iic,S25A_june_83,2025-07-02 21:56:22.873556-10:00,50271,12,0,107,449.999252319336,82.712616,145.24417,73.48123,,0x79df945a3ff27a5c,335.72040930459667,63.39439817916515,-122.18416382545648,1.1799717,0.7857261,,,2025-07-03 07:56:22.873556+00:00,20250703
129229,iic,S25A_june_83,2025-07-02 21:47:37.825227-10:00,50271,12,0,105,449.9984970092773,54.174503,107.83248,47.88025,,0x79df945a3ff27a5c,338.8796673092232,64.20037162021438,-117.82463012261414,1.3949268,0.7640472,,,2025-07-03 07:47:37.825227+00:00,20250703
129228,iic,S25A_june_83,2025-07-02 21:38:52.725322-10:00,50271,12,0,104,449.9987487792969,48.905945,92.501755,41.456184,,0x79df945a3ff27a5c,342.22262193597675,64.88794332257869,-113.29858007841705,1.3301113,0.75752294,,,2025-07-03 07:38:52.725322+00:00,20250703
129227,iic,S25A_june_83,2025-07-02 21:30:05.932044-10:00,50271,12,0,100,449.99974822998047,9.77432,18.68225,11.224567,,0x79df945a3ff27a5c,345.7037670837706,65.44885686618179,-108.65600570754626,1.99181,0.6527822,Guide star lost for a few times by koshida@stn,,2025-07-03 07:30:05.932044+00:00,20250703
129225,iic,S25A_june_81,2025-07-02 21:16:59.692913-10:00,50265,12,0,35,449.9989929199219,22.484865,44.53316,25.114443,,0x3b044eb22ec1e873,345.7386216714349,65.45986766546545,-108.60876153220592,1.7914352,0.87789875,,,2025-07-03 07:16:59.692913+00:00,20250703
129224,iic,S25A_june_81,2025-07-02 21:08:10.143513-10:00,50265,12,0,34,449.9989929199219,23.553442,47.54838,25.094303,,0x3b044eb22ec1e873,349.4080536330956,65.89900561346523,-103.77644746199898,1.6855528,0.8678135,,,2025-07-03 07:08:10.143513+00:00,20250703
129223,iic,S25A_june_81,2025-07-02 20:59:22.194703-10:00,50265,12,0,38,450.00025177001953,30.138721,63.39456,35.43055,,0x3b044eb22ec1e873,353.5354959066812,66.22638742025796,-98.38909129353311,1.5876801,0.86911935,,,2025-07-03 06:59:22.194703+00:00,20250703
129222,iic,S25A_june_81,2025-07-02 20:50:34.799575-10:00,50265,12,0,53,449.9992446899414,56.8815,115.62857,59.993633,,0x3b044eb22ec1e873,357.3678343585718,66.38571245425216,-93.41474272826008,1.3398732,0.8678989,,,2025-07-03 06:50:34.799575+00:00,20250703
129220,iic,S25A_june_80,2025-07-02 20:37:14.183153-10:00,50259,12,0,52,449.9992446899414,58.728607,114.893135,54.816494,,0x354f921b86d0fe6e,144.41981556397818,66.41912616548085,-89.4618654523577,1.3329196,0.8996264,,,2025-07-03 06:37:14.183153+00:00,20250703
129219,iic,S25A_june_80,2025-07-02 20:28:28.832012-10:00,50259,12,0,52,450.0,66.19913,125.84196,64.699265,,0x354f921b86d0fe6e,4.41811854498727,66.33128952752976,-84.28005036853608,1.2764935,0.9090226,,,2025-07-03 06:28:28.832012+00:00,20250703
129218,iic,S25A_june_80,2025-07-02 20:19:43.854549-10:00,50259,12,0,58,449.99949645996094,65.12038,126.32729,64.321785,,0x354f921b86d0fe6e,8.471983086349617,66.09069726406,-79.00633370163094,1.3090771,0.9034586,,,2025-07-03 06:19:43.854549+00:00,20250703
129217,iic,S25A_june_80,2025-07-02 20:10:59.108424-10:00,50259,12,0,83,449.99974822998047,46.329926,95.356674,50.70818,,0x354f921b86d0fe6e,12.247464791029511,65.72072185584885,-74.05944088690295,1.378442,0.8635521,,,2025-07-03 06:10:59.108424+00:00,20250703
