visit_id,description,sequence_name,issued_at,iic_sequence_id,n_sps_exposures,n_mcs_exposures,n_agc_exposures,avg_exptime,eet_b,eet_r,eet_n,eet_m,pfs_design_id,avg_azimuth,avg_altitude,avg_insrot,seeing_median,transparency_median,notes,issued_at_UTC,date
125917,iic,S25A_may_26,2025-05-23 00:33:57.719520-10:00,46542.0,12,0,130,449.999755859375,411.42786,498.41644,201.35791,,0x190e991dc164aa07,239.2137548220112,57.17491677529053,143.94451465825924,0.6869331,0.80863166,,2025-05-23 10:33:57.719520+00:00,20250523
125916,iic,S25A_may_26,2025-05-23 00:25:12.447584-10:00,46542.0,12,0,96,449.9990005493164,526.1264,584.9257,225.40453,,0x190e991dc164aa07,236.3211451603816,59.185721118633566,141.54997112567608,0.653933,0.8102297,,2025-05-23 10:25:12.447584+00:00,20250523
125915,iic,S25A_may_26,2025-05-23 00:16:27.710264-10:00,46542.0,12,0,97,450.0010070800781,613.7344,667.7169,265.69604,,0x190e991dc164aa07,233.5064731346169,60.8811555078187,139.16584320842918,0.6361077,0.8166508,,2025-05-23 10:16:27.710264+00:00,20250523
125914,iic,S25A_may_26,2025-05-23 00:07:42.511627-10:00,46542.0,12,0,98,449.999755859375,603.1185,690.6426,238.10812,,0x190e991dc164aa07,230.39437889686,62.508800976093,136.48032555213342,0.64677405,0.8359222,,2025-05-23 10:07:42.511627+00:00,20250523
125912,iic,S25A_may_21,2025-05-22 23:50:12.367725-10:00,46536.0,12,0,98,449.9980010986328,423.40875,512.5458,200.09749,,0x6c7ac2c5c47330bd,232.67644385135532,61.32639062284219,138.45394304063586,0.74356365,0.8868707,,2025-05-23 09:50:12.367725+00:00,20250523
125911,iic,S25A_may_21,2025-05-22 23:41:26.829494-10:00,46534.0,12,0,99,449.9995040893554,415.98795,481.5246,191.40692,,0x6c7ac2c5c47330bd,229.45760445642952,62.94179823904327,135.6624492298473,0.7689857,0.88854414,,2025-05-23 09:41:26.829494+00:00,20250523
125910,iic,S25A_may_21,2025-05-22 23:32:41.608446-10:00,46534.0,12,0,89,449.999252319336,456.9106,573.02216,203.75117,,0x6c7ac2c5c47330bd,225.92561510821292,64.45648647287038,132.55002044166267,0.7275154,0.8887826,,2025-05-23 09:32:41.608446+00:00,20250523
125909,iic,S25A_may_21,2025-05-22 23:23:56.089248-10:00,46534.0,12,0,98,449.999252319336,454.86438,590.6746,211.06908,,0x6c7ac2c5c47330bd,221.93176008828323,65.90157736006694,128.97986319077074,0.6934042,0.88837427,,2025-05-23 09:23:56.089248+00:00,20250523
125908,iic,S25A_may_21,2025-05-22 23:15:10.375772-10:00,46534.0,12,0,65,449.9985046386719,179.49292,229.423,97.02967,,0x6c7ac2c5c47330bd,218.325185139974,67.0062457535618,125.7187571562538,0.7092691,0.8938654,AG off for first 100sec by vmpas@stn,2025-05-23 09:15:10.375772+00:00,20250523
126414,iic,S25A_may_39,2025-05-27 04:52:12.116137-10:00,47174.0,12,0,100,450.0,86.9415,19.72803,94.71896,,0x9e49f70b8ffdb77,130.114936562913,64.5850167155859,43.95987027675951,0.618189,0.94317454,,2025-05-27 14:52:12.116137+00:00,20250527
126413,iic,S25A_may_39,2025-05-27 04:43:25.819205-10:00,47174.0,12,0,95,449.99974822998047,309.54037,143.29034,195.93828,,0x9e49f70b8ffdb77,126.68771717810506,62.92888849068687,40.987137739570976,0.6483097,0.9793628,,2025-05-27 14:43:25.819205+00:00,20250527
126411,iic,S25A_may_36,2025-05-27 04:28:45.235405-10:00,47168.0,12,0,113,450.0005035400391,491.1937,303.18384,172.89348,,0x6ad00dcf50aa851a,124.47026804785372,60.05691004009499,39.14160272203353,0.63190156,0.81796545,,2025-05-27 14:28:45.235405+00:00,20250527
126410,iic,S25A_may_36,2025-05-27 04:20:00.084501-10:00,47168.0,12,0,97,450.00025177001953,555.6519,410.01642,189.72469,,0x6ad00dcf50aa851a,121.60594623272236,58.1732189863156,36.74800278101212,0.5835719,0.7993375,,2025-05-27 14:20:00.084501+00:00,20250527
126409,iic,S25A_may_36,2025-05-27 04:11:14.790019-10:00,47168.0,12,0,96,450.0007553100586,451.04642,345.71182,148.03285,,0x6ad00dcf50aa851a,119.23353177401684,56.39341089515489,34.812077458040704,0.6146648,0.7458646,,2025-05-27 14:11:14.790019+00:00,20250527
126408,iic,S25A_may_36,2025-05-27 04:02:30.117356-10:00,47168.0,12,0,97,450.00025177001953,382.06042,296.33057,114.36488,,0x6ad00dcf50aa851a,117.07467737442408,54.57567856617463,33.09369502923428,0.64648306,0.69739324,,2025-05-27 14:02:30.117356+00:00,20250527
126406,iic,S25A_may_37,2025-05-27 03:49:50.160184-10:00,47162.0,12,0,98,450.0,547.9482,472.91364,184.66946,,0x7d2b28f032f1bf5f,111.32101239044654,52.91229780555376,28.597637863933738,0.57519215,0.80222934,,2025-05-27 13:49:50.160184+00:00,20250527
126405,iic,S25A_may_37,2025-05-27 03:41:04.952092-10:00,47162.0,12,0,97,449.99974822998047,629.9243,547.341,206.43703,,0x7d2b28f032f1bf5f,109.6539067195012,50.97976569151267,27.424294995038935,0.53374094,0.8240798,,2025-05-27 13:41:04.952092+00:00,20250527
126404,iic,S25A_may_37,2025-05-27 03:32:19.562122-10:00,47162.0,12,0,98,449.99974822998047,591.8383,494.3182,210.24663,,0x7d2b28f032f1bf5f,108.11025125726223,49.022896219631136,26.382335333654723,0.54289645,0.77632743,,2025-05-27 13:32:19.562122+00:00,20250527
126403,iic,S25A_may_37,2025-05-27 03:23:32.702250-10:00,47162.0,12,0,97,449.99974822998047,400.88287,367.09088,131.43825,,0x7d2b28f032f1bf5f,106.6764896881886,47.0492192977514,25.45631967202211,0.6006925,0.7110982,,2025-05-27 13:23:32.702250+00:00,20250527
126389,iic,S25A_may_25,2025-05-27 00:30:35.587066-10:00,47135.0,12,0,100,450.0,1198.847,884.4858,323.00296,,0x461e981e06994e10,243.1785050577192,53.911736236875925,147.11934096303153,0.47211304,0.95573,,2025-05-27 10:30:35.587066+00:00,20250527
126388,iic,S25A_may_25,2025-05-27 00:21:49.041687-10:00,47135.0,12,0,100,450.00025177001953,1358.923,1041.4763,359.92172,,0x461e981e06994e10,241.05741798818408,55.74141662749485,145.43958354589358,0.45402488,1.0037594,,2025-05-27 10:21:49.041687+00:00,20250527
126386,iic,S25A_may_22,2025-05-27 00:09:04.503801-10:00,47130.0,12,0,99,450.00025177001953,1034.7222,824.78094,278.20465,,0x2d0a2d2c6acc972b,241.44057652459077,55.41659936952831,145.7462747851808,0.5121917,1.0049323,,2025-05-27 10:09:04.503801+00:00,20250527
126385,iic,S25A_may_22,2025-05-27 00:00:19.105621-10:00,47130.0,12,0,99,450.00025177001953,1269.3966,931.19745,335.44754,,0x2d0a2d2c6acc972b,239.15498773776108,57.21408953259338,143.89824220283546,0.45638072,1.0305835,,2025-05-27 10:00:19.105621+00:00,20250527
126384,iic,S25A_may_22,2025-05-26 23:51:34.103996-10:00,47130.0,12,0,99,450.0005035400391,1415.9745,1098.8032,380.51956,,0x2d0a2d2c6acc972b,236.643966981514,58.96552851691318,141.82067234671894,0.41878977,1.0492082,,2025-05-27 09:51:34.103996+00:00,20250527
126383,iic,S25A_may_22,2025-05-26 23:42:45.613416-10:00,47130.0,12,0,100,450.00025177001953,1520.3654,1260.2772,419.3843,,0x2d0a2d2c6acc972b,233.8829136938598,60.65782852552424,139.48761494954428,0.40144438,1.066245,,2025-05-27 09:42:45.613416+00:00,20250527
126378,iic,S25A_may_18,2025-05-26 23:13:38.032077-10:00,47120.0,12,0,108,450.0005035400391,741.56525,644.8816,228.61351,,0x82f1be74e95f6cd,230.46857561383928,62.45300196282874,136.54488601332986,0.5203966,0.72243726,,2025-05-27 09:13:38.032077+00:00,20250527
126377,iic,S25A_may_18,2025-05-26 23:04:52.789242-10:00,47120.0,12,0,100,450.00025177001953,956.9823,884.0565,305.7246,,0x82f1be74e95f6cd,226.85565937099173,64.07653047552157,133.37510901304026,0.53155875,0.8017808,,2025-05-27 09:04:52.789242+00:00,20250527
126376,iic,S25A_may_18,2025-05-26 22:56:07.560615-10:00,47120.0,12,0,98,450.00025177001953,1124.3617,986.8286,319.50525,,0x82f1be74e95f6cd,222.99185567942973,65.53865310746401,129.93341459477614,0.50994086,0.8553981,,2025-05-27 08:56:07.560615+00:00,20250527
126375,iic,S25A_may_18,2025-05-26 22:47:21.897851-10:00,47120.0,12,0,98,450.00025177001953,1228.1765,1208.6683,366.51328,,0x82f1be74e95f6cd,218.70597328147304,66.88830969176317,126.06510243682088,0.5008413,0.8948663,,2025-05-27 08:47:21.897851+00:00,20250527
126373,iic,S25A_may_15,2025-05-26 22:33:41.736675-10:00,47114.0,12,0,101,450.0005035400391,978.6298,849.6142,279.42603,,0x49c800e183feac3c,223.62959710482892,65.30664787856229,130.50447706401056,0.5945262,0.9194874,,2025-05-27 08:33:41.736675+00:00,20250527
126372,iic,S25A_may_15,2025-05-26 22:24:56.910574-10:00,47114.0,12,0,102,450.00025177001953,785.2463,687.4799,240.57198,,0x49c800e183feac3c,219.40916494974277,66.67665703005908,126.70335421678496,0.60859686,0.84752566,,2025-05-27 08:24:56.910574+00:00,20250527
126371,iic,S25A_may_15,2025-05-26 22:16:11.126640-10:00,47114.0,12,0,102,450.0005035400391,319.36313,272.9713,88.03678,,0x49c800e183feac3c,214.7417065876286,67.91775747159632,122.45087447747952,0.68234426,0.57920945,,2025-05-27 08:16:11.126640+00:00,20250527
126370,iic,S25A_may_15,2025-05-26 22:07:25.593066-10:00,47114.0,12,0,102,450.0005035400391,471.5803,425.1232,145.00392,,0x49c800e183feac3c,209.55166730182927,69.01941163598038,117.6768489930688,0.7221772,0.69493335,,2025-05-27 08:07:25.593066+00:00,20250527
126368,iic,S25A_may_12,2025-05-26 21:53:51.714040-10:00,47109.0,12,0,100,450.0007553100586,865.7381,725.8034,268.3892,,0x260fb4e46528f4e9,218.1233044524691,67.03832688972132,125.53652711175567,0.55621576,0.76761734,,2025-05-27 07:53:51.714040+00:00,20250527
126367,iic,S25A_may_12,2025-05-26 21:45:06.527221-10:00,47109.0,12,0,100,449.999252319336,1143.5396,1093.0679,403.52493,,0x260fb4e46528f4e9,213.2870078774827,68.24731783131462,121.1173006883308,0.5475233,0.90838265,,2025-05-27 07:45:06.527221+00:00,20250527
126366,iic,S25A_may_12,2025-05-26 21:36:21.512714-10:00,47109.0,12,0,99,450.00025939941406,899.54706,997.1941,357.56342,,0x260fb4e46528f4e9,207.9884083043391,69.29594996466709,116.23200846916468,0.6040383,0.8882672,,2025-05-27 07:36:21.512714+00:00,20250527
126365,iic,S25A_may_12,2025-05-26 21:27:36.218404-10:00,47109.0,12,0,100,450.0009994506836,888.7233,939.5766,326.3715,,0x260fb4e46528f4e9,202.18567653674984,70.17057807884406,110.84221034263496,0.6204525,0.8545089,,2025-05-27 07:27:36.218404+00:00,20250527
126363,iic,S25A_may_9,2025-05-26 21:13:55.567216-10:00,47104.0,12,0,102,449.9987487792969,691.23,688.1082,238.2506,,0x1d8a2c191cc9ef4,208.9038176001572,69.12941023663777,117.07951656434594,0.61151385,0.8505909,,2025-05-27 07:13:55.567216+00:00,20250527
126362,iic,S25A_may_9,2025-05-26 21:05:10.543862-10:00,47104.0,12,0,100,450.0017547607422,866.55255,879.35016,327.55914,,0x1d8a2c191cc9ef4,203.1303759522699,70.04263191792502,111.72305753337804,0.5707359,0.89767176,,2025-05-27 07:05:10.543862+00:00,20250527
126361,iic,S25A_may_9,2025-05-26 20:56:25.010499-10:00,47104.0,12,0,100,450.0012512207031,913.51306,969.74725,353.66238,,0x1d8a2c191cc9ef4,196.9612936902402,70.748278413839,105.96421969589308,0.55457723,0.9165067,,2025-05-27 06:56:25.010499+00:00,20250527
126360,iic,S25A_may_9,2025-05-26 20:47:37.220592-10:00,47104.0,12,0,100,449.9987564086914,835.32623,806.6928,296.91635,,0x1d8a2c191cc9ef4,190.39535522460935,71.23684430478224,99.8104662159782,0.54271036,0.81327355,,2025-05-27 06:47:37.220592+00:00,20250527
126357,iic,S25A_may_0,2025-05-26 20:31:36.864595-10:00,47096.0,12,0,98,449.999252319336,767.84076,731.7594,319.7121,,0x5a660b4a275b2bb7,249.1026265875337,48.62137373328814,151.56662777353665,0.5428882,0.90631336,,2025-05-27 06:31:36.864595+00:00,20250527
126356,iic,S25A_may_0,2025-05-26 20:22:52.029272-10:00,47096.0,12,0,100,450.0005035400391,1011.28625,981.1544,415.85083,,0x5a660b4a275b2bb7,247.46793156713989,50.53078024185712,150.39467199524836,0.5013864,0.94735175,,2025-05-27 06:22:52.029272+00:00,20250527
126355,iic,S25A_may_0,2025-05-26 20:14:06.615292-10:00,47096.0,12,0,100,449.9980010986328,1045.3163,1032.9934,395.76733,,0x5a660b4a275b2bb7,245.68928770758023,52.427670284290215,149.07594724436896,0.5004137,0.9825969,,2025-05-27 06:14:06.615292+00:00,20250527
126354,iic,S25A_may_0,2025-05-26 20:05:18.798352-10:00,47096.0,12,0,100,449.9972534179688,1028.6658,1000.0959,437.84024,,0x5a660b4a275b2bb7,243.7502985712308,54.302056896152784,147.5931553627128,0.52626246,0.9614465,,2025-05-27 06:05:18.798352+00:00,20250527
126475,iic,S25A_may_30,2025-05-28 00:13:51-10:00,47242.0,12,0,66,449.9995041,325.5294,310.22064,123.65167,,0x5ef9183f4becfb9c,232.9168402,61.21978252,138.6612407,0.79809225,0.6771096,,2025-05-28 10:13:51+00:00,20250528
126474,iic,S25A_may_30,2025-05-28 00:05:05-10:00,47242.0,12,0,64,450.0000076,592.32886,583.3837,231.29526,,0x5ef9183f4becfb9c,229.660191,62.87061263,135.8406851,0.78317475,0.84784174,,2025-05-28 10:05:05+00:00,20250528
126473,iic,S25A_may_30,2025-05-27 23:56:20-10:00,47242.0,12,0,63,449.9997559,679.73157,620.19745,257.42957,,0x5ef9183f4becfb9c,226.1270585,64.40014219,132.7297942,0.6535352,0.8246548,,2025-05-28 09:56:20+00:00,20250528
126472,iic,S25A_may_30,2025-05-27 23:47:35-10:00,47242.0,12,0,74,450.0005035,437.766,428.61075,158.2469,,0x5ef9183f4becfb9c,221.9704946,65.90926504,129.0155145,0.7300613,0.74142784,,2025-05-28 09:47:35+00:00,20250528
126470,iic,S25A_may_25,2025-05-27 23:34:38-10:00,47235.0,12,0,73,449.9995041,560.92596,547.0878,232.02234,,0x461e981e06994e10,226.9900886,64.03612819,133.4934271,0.66729546,0.7764414,,2025-05-28 09:34:38+00:00,20250528
126469,iic,S25A_may_25,2025-05-27 23:25:48-10:00,47235.0,12,0,73,449.9987411,661.4779,661.3843,281.1932,,0x461e981e06994e10,223.1234543,65.50702973,130.0503907,0.68453205,0.877163,,2025-05-28 09:25:48+00:00,20250528
126455,iic,S25A_may_1,2025-05-27 20:34:50-10:00,47202.0,12,0,104,449.9975052,10.72512,11.759955,8.313649,,0x2ac8efe816ca93,250.9724354,47.31931924,152.8900065,1.0703089,0.21264777,,2025-05-28 06:34:50+00:00,20250528
126454,iic,S25A_may_1,2025-05-27 20:26:05-10:00,47202.0,12,0,103,449.9992599,120.58841,131.4562,48.138332,,0x2ac8efe816ca93,249.4363975,49.26945227,151.8357801,0.8747822,0.5200346,,2025-05-28 06:26:05+00:00,20250528
126453,iic,S25A_may_1,2025-05-27 20:17:19-10:00,47202.0,12,0,102,449.9982529,172.36948,187.89476,77.84929,,0x2ac8efe816ca93,247.7873893,51.1907566,150.6599058,0.9274499,0.6842106,,2025-05-28 06:17:19+00:00,20250528
126452,iic,S25A_may_1,2025-05-27 20:08:33-10:00,47202.0,12,0,103,450.0010071,153.36127,157.73586,74.080536,,0x2ac8efe816ca93,245.9991893,53.0900022,149.3401777,0.9854161,0.6573656,,2025-05-28 06:08:33+00:00,20250528
126563,iic,S25A_may_28,2025-05-29 00:05:20.659608-10:00,47347.0,12,0,95,449.9994888305664,751.7819,698.7178,278.6042,,0x76829d6e940d50ee,234.5205996049012,60.3033068791734,140.0299291960232,0.6598494,0.87615,,2025-05-29 10:05:20.659608+00:00,20250529
126562,iic,S25A_may_28,2025-05-28 23:56:32.674282-10:00,47347.0,12,0,94,449.9975051879883,739.7215,701.8887,261.28732,,0x76829d6e940d50ee,231.50161153803427,61.96326501028879,137.44042290581598,0.7143429,0.8780428,,2025-05-29 09:56:32.674282+00:00,20250529
126561,iic,S25A_may_28,2025-05-28 23:47:41.868905-10:00,47347.0,12,0,94,449.9989929199219,731.60864,703.9061,271.9926,,0x76829d6e940d50ee,228.13607594323537,63.55578742456184,134.50356910342262,0.7170147,0.8589121,,2025-05-29 09:47:41.868905+00:00,20250529
126560,iic,S25A_may_28,2025-05-28 23:38:54.824796-10:00,47347.0,12,0,95,449.9992446899414,691.33344,756.6388,291.97238,,0x76829d6e940d50ee,224.3781257349783,65.06512451171875,131.1723006483148,0.7374739,0.8635806,,2025-05-29 09:38:54.824796+00:00,20250529
126549,iic,S25A_may_8,2025-05-28 21:15:22.780720-10:00,47316.0,12,0,63,449.9995040893554,940.6198,898.7311,388.61728,,0x541337c1478df2a1,217.0769986130121,67.31848510982483,124.58548646461308,0.6222642,1.0222353,,2025-05-29 07:15:22.780720+00:00,20250529
126548,iic,S25A_may_8,2025-05-28 21:06:33.111858-10:00,47316.0,12,0,73,449.9995040893554,920.2438,936.9229,408.42935,,0x541337c1478df2a1,211.811701560507,68.56163107943372,119.76286938725686,0.60977,1.0041704,,2025-05-29 07:06:33.111858+00:00,20250529
126546,iic,S25A_may_8,2025-05-28 20:53:43.144116-10:00,47310.0,12,0,42,450.0012512207031,756.71063,688.61127,314.76462,,0x541337c1478df2a1,203.91568495806527,69.93308733771829,112.4545120239258,0.6951272,1.0345163,,2025-05-29 06:53:43.144116+00:00,20250529
126545,iic,S25A_may_8,2025-05-28 20:44:55.935499-10:00,47310.0,12,0,42,449.999755859375,542.4925,526.4951,231.3058,,0x541337c1478df2a1,197.7680502498851,70.66966364243451,106.719288186466,0.8376426,1.0030626,,2025-05-29 06:44:55.935499+00:00,20250529
126544,iic,S25A_may_8,2025-05-28 20:36:07.026369-10:00,47310.0,12,0,42,449.9977493286133,392.2466,373.76352,177.58456,,0x541337c1478df2a1,191.2304127412684,71.18803881476907,100.59491280948414,0.80803525,0.9809584,Cirrus gradually getting thinner. by ichi@stn,2025-05-29 06:36:07.026369+00:00,20250529
126543,iic,S25A_may_8,2025-05-28 20:27:18.176221-10:00,47310.0,12,0,44,449.9972534179688,43.541546,40.875168,27.582191,,0x541337c1478df2a1,184.34436378050387,71.47108570913251,94.12541670209906,0.8254259,0.3363278,Under thick cirrus. by ichi@stn,2025-05-29 06:27:18.176221+00:00,20250529
126684,iic,S25A_may_34,2025-05-30 04:43:25.231941-10:00,47493.0,12,0,114,449.99949645996094,219.99532,133.72014,181.33234,,0x5d81c7ce4e53332,137.0024148199756,64.72916240775429,50.1175702523977,0.7173685,0.8583202,,2025-05-30 14:43:25.231941+00:00,20250530
126683,iic,S25A_may_34,2025-05-30 04:34:36.744959-10:00,47493.0,12,0,95,450.00074768066406,451.66068,451.89154,191.90671,,0x5d81c7ce4e53332,132.92696152931734,62.90388313013846,46.48578931399041,0.71239954,0.8660924,,2025-05-30 14:34:36.744959+00:00,20250530
126666,iic,S25A_may_31,2025-05-30 01:06:02.586653-10:00,47458.0,12,0,96,449.99974822998047,937.1547,756.9447,312.7145,,0x501b21e3ec4e3354,247.1381486487512,49.93007602592824,150.12084035922825,0.5579499,0.88195354,,2025-05-30 11:06:02.586653+00:00,20250530
126665,iic,S25A_may_31,2025-05-30 00:57:17.292099-10:00,47458.0,12,0,96,450.00074768066406,986.7069,849.2139,335.85028,,0x501b21e3ec4e3354,245.3762108204896,51.81456292107933,148.80817599123623,0.5379142,0.8398092,,2025-05-30 10:57:17.292099+00:00,20250530
126664,iic,S25A_may_31,2025-05-30 00:48:32.461045-10:00,47458.0,12,0,99,449.9990005493164,754.50885,757.9703,281.37903,,0x501b21e3ec4e3354,243.4599373975591,53.67535640007287,147.337120324523,0.65854126,0.85691386,,2025-05-30 10:48:32.461045+00:00,20250530
126663,iic,S25A_may_31,2025-05-30 00:39:46.569420-10:00,47458.0,12,0,98,449.999252319336,860.84845,842.7697,311.98477,,0x501b21e3ec4e3354,241.3673013599996,55.50714223639009,145.6859057276382,0.6578043,0.8552481,,2025-05-30 10:39:46.569420+00:00,20250530
126661,iic,S25A_may_29,2025-05-30 00:27:01.001770-10:00,47452.0,12,0,97,450.00074768066406,1019.6401,987.9656,402.2863,,0x4056c4b09b4c8345,240.5475419264573,56.16623141948993,145.02850365271934,0.56588507,0.9106433,,2025-05-30 10:27:01.001770+00:00,20250530
126660,iic,S25A_may_29,2025-05-30 00:18:16.000162-10:00,47452.0,12,0,96,449.9987487792969,936.2008,875.0034,342.68613,,0x4056c4b09b4c8345,238.1734778844013,57.94625330712511,143.09077161087274,0.58542776,0.88030595,,2025-05-30 10:18:16.000162+00:00,20250530
126659,iic,S25A_may_29,2025-05-30 00:09:31.105827-10:00,47452.0,12,0,97,449.9990005493164,519.3855,543.47614,200.10759,,0x4056c4b09b4c8345,235.55364998059397,59.68155091114533,140.90404584835738,0.60773766,0.68192154,,2025-05-30 10:09:31.105827+00:00,20250530
126658,iic,S25A_may_29,2025-05-30 00:00:44.689878-10:00,47452.0,12,0,96,449.9987487792969,746.0157,820.5772,309.416,,0x4056c4b09b4c8345,232.66646485007487,61.35446014799602,138.44488137991317,0.64003557,0.79142964,,2025-05-30 10:00:44.689878+00:00,20250530
126656,iic,S25A_may_27,2025-05-29 23:47:59.586571-10:00,47446.0,12,0,98,450.00025177001953,941.44543,927.80194,409.8344,,0x38e552e558bc1bd2,231.5320419079156,61.94555350366583,137.46642865021218,0.636475,0.97256607,,2025-05-30 09:47:59.586571+00:00,20250530
126655,iic,S25A_may_27,2025-05-29 23:39:11.443605-10:00,47446.0,12,0,98,449.9984970092773,1013.962,1085.0829,447.95618,,0x38e552e558bc1bd2,228.1812287151511,63.53394321499742,134.54307486442138,0.5799025,0.9418673,,2025-05-30 09:39:11.443605+00:00,20250530
126654,iic,S25A_may_27,2025-05-29 23:30:23.149840-10:00,47446.0,12,0,97,449.99974822998047,1081.1755,1116.4828,452.4059,,0x38e552e558bc1bd2,224.4641803448017,65.03177775847607,131.24938510992587,0.59989107,0.97130865,,2025-05-30 09:30:23.149840+00:00,20250530
126653,iic,S25A_may_27,2025-05-29 23:21:34.491432-10:00,47446.0,12,0,98,450.0009994506836,1265.9257,1301.9177,484.41574,,0x38e552e558bc1bd2,220.30222045588616,66.4347229778464,127.51036095014078,0.57615757,0.99516857,,2025-05-30 09:21:34.491432+00:00,20250530
126651,iic,S25A_may_23,2025-05-29 23:08:25.027129-10:00,47440.0,12,0,99,449.999252319336,780.547,762.1153,288.36044,,0x2d9f0a4dd8a7c123,223.18539686819807,65.48163509843361,130.10615850799712,0.58264345,0.90344876,,2025-05-30 09:08:25.027129+00:00,20250530
126650,iic,S25A_may_23,2025-05-29 22:59:40.059846-10:00,47440.0,12,0,99,449.9984970092773,421.6028,398.7452,155.17938,,0x2d9f0a4dd8a7c123,218.83806943653812,66.86069530697924,126.1850940953547,0.53384787,0.6353479,Cirrus. by tak@stn,2025-05-30 08:59:40.059846+00:00,20250530
126649,iic,S25A_may_23,2025-05-29 22:50:55.529842-10:00,47440.0,12,0,100,449.9987487792969,107.4684,93.24351,29.302486,,0x2d9f0a4dd8a7c123,214.0832505107519,68.0897419867824,121.84742490094692,0.54097486,0.33967358,Cirrus. by tak@stn,2025-05-30 08:50:55.529842+00:00,20250530
126648,iic,S25A_may_23,2025-05-29 22:42:03.310212-10:00,47440.0,12,0,102,449.999252319336,102.77051,92.95085,32.536827,,0x2d9f0a4dd8a7c123,208.8183653296494,69.17054767143435,116.99867017792492,0.5329011,0.29275894,Cirrus. by tak@stn,2025-05-30 08:42:03.310212+00:00,20250530
126646,iic,S25A_may_19,2025-05-29 22:28:50.978978-10:00,47434.0,12,0,95,449.9987487792969,864.7114,804.53894,291.1187,,0x1a4d2399236f228e,212.38647804459976,68.46038682548163,120.28915421251229,0.5757354,0.86355054,,2025-05-30 08:28:50.978978+00:00,20250530
126645,iic,S25A_may_19,2025-05-29 22:20:06.000128-10:00,47434.0,12,0,96,449.9984970092773,778.2599,693.71423,232.25139,,0x1a4d2399236f228e,206.9661092807592,69.48459388060891,115.28447102759168,0.53215927,0.76365006,,2025-05-30 08:20:06.000128+00:00,20250530
126644,iic,S25A_may_19,2025-05-29 22:11:20.343433-10:00,47434.0,12,0,97,449.9984970092773,697.184,626.8761,226.18439,,0x1a4d2399236f228e,201.0328610933744,70.32896352914663,109.76700905041815,0.5739302,0.7473231,,2025-05-30 08:11:20.343433+00:00,20250530
126643,iic,S25A_may_19,2025-05-29 22:02:33.482707-10:00,47434.0,12,0,95,450.00025177001953,754.1647,654.9903,223.76175,,0x1a4d2399236f228e,194.6861655350131,70.96372466561682,103.83309125650617,0.5622911,0.7309919,,2025-05-30 08:02:33.482707+00:00,20250530
126641,iic,S25A_may_16,2025-05-29 21:48:54.605475-10:00,47428.0,12,0,101,449.9987487792969,459.7604,377.70886,154.56978,,0x741623bf91f56490,198.74506802864263,70.58181259080106,107.631046877706,0.4811373,0.64658916,,2025-05-30 07:48:54.605475+00:00,20250530
126640,iic,S25A_may_16,2025-05-29 21:40:09.357491-10:00,47428.0,12,0,98,449.9989929199219,875.5853,829.55347,322.37708,,0x741623bf91f56490,192.16767248163367,71.1413112582289,101.47262367984364,0.5176058,0.89034736,,2025-05-30 07:40:09.357491+00:00,20250530
126639,iic,S25A_may_16,2025-05-29 21:31:21.190016-10:00,47428.0,12,0,97,449.99974822998047,1049.5863,1012.41455,386.80905,,0x741623bf91f56490,185.39763715695116,71.45692036946615,95.1138423039363,0.52622724,0.9399862,,2025-05-30 07:31:21.190016+00:00,20250530
126638,iic,S25A_may_16,2025-05-29 21:22:34.777567-10:00,47428.0,12,0,97,449.999252319336,1029.0487,1006.19464,364.39575,,0x741623bf91f56490,178.42828032664764,71.52627383501101,88.55760662372296,0.565459,0.9258443,,2025-05-30 07:22:34.777567+00:00,20250530
126636,iic,S25A_may_13,2025-05-29 21:09:00.740474-10:00,47422.0,12,0,100,449.9992446899414,915.84186,926.356,318.98282,,0x1de582f372fd8c11,190.27370297256397,71.24872387938238,99.6953022136024,0.5328274,0.89831084,,2025-05-30 07:09:00.740474+00:00,20250530
126635,iic,S25A_may_13,2025-05-29 21:00:13.072754-10:00,47422.0,12,0,98,449.999252319336,808.44604,911.03345,319.27103,,0x1de582f372fd8c11,183.3652058712722,71.49723901119329,93.2028463140962,0.5847255,0.8534004,,2025-05-30 07:00:13.072754+00:00,20250530
126634,iic,S25A_may_13,2025-05-29 20:51:28.045909-10:00,47422.0,12,0,98,449.9990005493164,826.2159,954.78314,312.86066,,0x1de582f372fd8c11,176.43775095673382,71.49355416854625,86.6849964354849,0.61743754,0.82640225,,2025-05-30 06:51:28.045909+00:00,20250530
126633,iic,S25A_may_13,2025-05-29 20:42:41.238123-10:00,47422.0,12,0,98,449.999252319336,977.67377,1049.4855,317.73093,,0x1de582f372fd8c11,169.6065126990304,71.24236526101978,80.26302345392062,0.5842603,0.8410016,,2025-05-30 06:42:41.238123+00:00,20250530
126631,iic,S25A_may_10,2025-05-29 20:29:02.004546-10:00,47416.0,12,0,98,449.9990005493164,770.7103,773.8082,299.3743,,0x66b7480caba085a,181.3328197498612,71.5179016190737,91.2920594578467,0.6019827,0.88233715,,2025-05-30 06:29:02.004546+00:00,20250530
126630,iic,S25A_may_10,2025-05-29 20:20:16.898121-10:00,47416.0,12,0,97,449.9992446899414,890.2538,958.3279,366.55325,,0x66b7480caba085a,174.40277350010015,71.44095920660557,84.77264666435046,0.5722544,0.89902467,,2025-05-30 06:20:16.898121+00:00,20250530
126629,iic,S25A_may_10,2025-05-29 20:11:31.811283-10:00,47416.0,12,0,97,449.9992446899414,809.95667,804.3092,309.68494,,0x66b7480caba085a,167.67643338716948,71.12093650622245,78.45250932742388,0.5726614,0.8839673,,2025-05-30 06:11:31.811283+00:00,20250530
126628,iic,S25A_may_10,2025-05-29 20:02:46.715550-10:00,47416.0,12,0,98,449.99949645996094,708.67645,643.7001,296.8247,,0x66b7480caba085a,161.20613632589428,70.56629459749018,72.39005841095435,0.5570062,0.8405879,,2025-05-30 06:02:46.715550+00:00,20250530
126764,iic,S25A_may_39,2025-05-31 03:50:17.040020-10:00,47576.0,12,0,94,449.9984970092773,623.47064,774.95215,307.06772,,0x9e49f70b8ffdb77,115.81407113050028,55.36823044630586,32.05232473908278,0.66389894,0.9957903,,2025-05-31 13:50:17.040020+00:00,20250531
126763,iic,S25A_may_39,2025-05-31 03:41:31.962837-10:00,47576.0,12,0,94,450.0012435913086,543.36383,657.9465,274.46057,,0x9e49f70b8ffdb77,113.8626687186105,53.50115349179222,30.56489159316613,0.696585,0.985444,,2025-05-31 13:41:31.962837+00:00,20250531
126762,iic,S25A_may_39,2025-05-31 03:32:46.946871-10:00,47576.0,12,0,95,449.9987487792969,572.96844,705.5869,274.4216,,0x9e49f70b8ffdb77,112.06010033572532,51.59386761650365,29.23385957647993,0.6839164,0.9596146,,2025-05-31 13:32:46.946871+00:00,20250531
126761,iic,S25A_may_39,2025-05-31 03:24:00.002183-10:00,47576.0,12,0,95,449.9984970092773,230.60416,279.57782,113.70011,,0x9e49f70b8ffdb77,110.399185260553,49.663995373311465,28.050705105846465,0.9361832,0.8179939,,2025-05-31 13:24:00.002183+00:00,20250531
126745,iic,S25A_may_26,2025-05-31 00:06:42.623757-10:00,47543.0,12,0,96,450.000244140625,652.8102,678.3499,264.60516,,0x190e991dc164aa07,239.9957733154297,56.58897850550518,144.5834409091139,0.6936909,0.9081794,,2025-05-31 10:06:42.623757+00:00,20250531
126744,iic,S25A_may_26,2025-05-30 23:57:57.268569-10:00,47543.0,12,0,96,449.9992446899414,596.54926,643.12555,223.99612,,0x190e991dc164aa07,237.57729904886355,58.35152091387023,142.59854971930153,0.7096975,0.90318376,,2025-05-31 09:57:57.268569+00:00,20250531
126743,iic,S25A_may_26,2025-05-30 23:49:12.008609-10:00,47543.0,12,0,97,449.9990005493164,690.50555,752.914,251.40086,,0x190e991dc164aa07,234.89059604742587,60.0772450764974,140.34504879682493,0.69567513,0.9083615,,2025-05-31 09:49:12.008609+00:00,20250531
126742,iic,S25A_may_26,2025-05-30 23:40:27.243834-10:00,47543.0,12,0,96,449.9989929199219,689.6159,770.1072,265.52908,,0x190e991dc164aa07,231.92502265890644,61.73946922183654,137.80781578894107,0.70342666,0.8868525,,2025-05-31 09:40:27.243834+00:00,20250531
126740,iic,S25A_may_23,2025-05-30 23:27:37.947894-10:00,47537.0,12,0,99,450.0009994506836,627.67426,676.21204,230.11664,,0x2d9f0a4dd8a7c123,232.4651991494337,61.44594535635943,138.27338198561165,0.7430181,0.94051445,,2025-05-31 09:27:37.947894+00:00,20250531
126739,iic,S25A_may_23,2025-05-30 23:18:52.570326-10:00,47537.0,12,0,97,449.99949645996094,932.1223,972.8539,303.295,,0x2d9f0a4dd8a7c123,229.2244591346154,63.055624526586286,135.46026157476962,0.6542422,0.9574656,,2025-05-31 09:18:52.570326+00:00,20250531
126737,iic,S25A_may_24,2025-05-30 23:05:59.206882-10:00,47531.0,12,0,98,449.9989929199219,996.9719,951.2304,368.1239,,0x2db31a88c85b3848,221.5847249297321,66.02326295339516,128.66886897982678,0.59296674,1.0630481,,2025-05-31 09:05:59.206882+00:00,20250531
126736,iic,S25A_may_24,2025-05-30 22:57:13.775852-10:00,47531.0,12,0,98,449.99949645996094,971.5066,968.95526,371.39972,,0x2db31a88c85b3848,217.15507786165037,67.32781939821194,124.65559456917237,0.62053967,1.045446,,2025-05-31 08:57:13.775852+00:00,20250531
126735,iic,S25A_may_24,2025-05-30 22:48:28.777667-10:00,47531.0,12,0,99,449.9992446899414,1042.9558,1057.3169,410.24493,,0x2db31a88c85b3848,212.22125826888347,68.50403571967503,120.13776830932004,0.60808736,1.0587153,,2025-05-31 08:48:28.777667+00:00,20250531
126734,iic,S25A_may_24,2025-05-30 22:39:44.319928-10:00,47531.0,12,0,99,449.99949645996094,1373.218,1343.516,454.23718,,0x2db31a88c85b3848,206.75853633401383,69.52662466998076,115.09209503480535,0.56630504,1.0782298,,2025-05-31 08:39:44.319928+00:00,20250531
126732,iic,S25A_may_20,2025-05-30 22:26:46.858114-10:00,47525.0,12,0,98,450.0,1026.5947,1110.3456,351.78662,,0x402537791c33b58e,210.62137135152284,68.82450363236636,118.6642130353124,0.5079318,0.95951587,,2025-05-31 08:26:46.858114+00:00,20250531
126731,iic,S25A_may_20,2025-05-30 22:17:58.083183-10:00,47525.0,12,0,99,449.99949645996094,1206.9879,1332.2502,399.91806,,0x402537791c33b58e,205.02352130832384,69.79120080075671,113.48195368321096,0.4764313,0.96751964,,2025-05-31 08:17:58.083183+00:00,20250531
126730,iic,S25A_may_20,2025-05-30 22:09:12.828278-10:00,47525.0,12,0,98,449.9992446899414,1287.4728,1411.3104,424.81305,,0x402537791c33b58e,198.9140189698505,70.57079690846089,107.7889934868982,0.48553714,0.962627,,2025-05-31 08:09:12.828278+00:00,20250531
126729,iic,S25A_may_20,2025-05-30 22:00:25.809672-10:00,47525.0,12,0,99,449.9992446899414,1216.0,1254.389,384.0632,,0x402537791c33b58e,192.43447998660287,71.13006262084347,101.7227243394708,0.4994212,0.9473423,,2025-05-31 08:00:25.809672+00:00,20250531
126727,iic,S25A_may_17,2025-05-30 21:47:11.985800-10:00,47519.0,12,0,98,449.99949645996094,873.60004,962.6007,393.96082,,0x45534c717920a779,193.2763011951737,71.06743830956783,102.51186932404028,0.51297295,0.939827,,2025-05-31 07:47:11.985800+00:00,20250531
126726,iic,S25A_may_17,2025-05-30 21:38:23.936370-10:00,47519.0,12,0,99,449.9992446899414,842.82794,954.45374,390.0342,,0x45534c717920a779,186.54202653894475,71.42318434212076,96.18945711222126,0.49790323,0.9318467,,2025-05-31 07:38:23.936370+00:00,20250531
126725,iic,S25A_may_17,2025-05-30 21:29:38.482762-10:00,47519.0,12,0,99,449.99974822998047,857.76324,986.2757,380.7791,,0x45534c717920a779,179.5809738695921,71.53430793033772,89.6418514539249,0.49596408,0.91780204,,2025-05-31 07:29:38.482762+00:00,20250531
126724,iic,S25A_may_17,2025-05-30 21:20:51.537334-10:00,47519.0,12,0,99,449.99974822998047,833.90497,933.96533,362.50964,,0x45534c717920a779,172.66350405899124,71.39407923712803,83.13455951633166,0.5166451,0.8763944,,2025-05-31 07:20:51.537334+00:00,20250531
126722,iic,S25A_may_14,2025-05-30 21:07:26.579886-10:00,47513.0,12,0,100,449.99974822998047,851.94965,1040.104,348.76648,,0x5e9175912eb20dd6,184.65587080770464,71.47168481172021,94.41708180441783,0.5382238,0.91473395,,2025-05-31 07:07:26.579886+00:00,20250531
126721,iic,S25A_may_14,2025-05-30 20:58:41.300963-10:00,47513.0,12,0,100,449.99974822998047,933.19403,1127.519,390.14725,,0x5e9175912eb20dd6,177.72923863349268,71.51465879981197,87.90055118389984,0.5559623,0.9356878,,2025-05-31 06:58:41.300963+00:00,20250531
126720,iic,S25A_may_14,2025-05-30 20:49:56.485504-10:00,47513.0,12,0,98,449.99974822998047,938.43427,1121.2045,384.95718,,0x5e9175912eb20dd6,170.87826775785666,71.3097980058373,81.45818654736082,0.56543195,0.92997545,,2025-05-31 06:49:56.485504+00:00,20250531
126719,iic,S25A_may_14,2025-05-30 20:41:08.458599-10:00,47513.0,12,0,100,449.99949645996094,990.4313,1167.6246,393.75757,,0x5e9175912eb20dd6,164.23238482878577,70.8630004806898,75.22140890092992,0.5613745,0.9108699,,2025-05-31 06:41:08.458599+00:00,20250531
126717,iic,S25A_may_11,2025-05-30 20:27:30.474584-10:00,47507.0,12,0,99,450.0005035400391,743.4498,886.77094,351.66965,,0x60d386f298c53f1d,175.68436274696236,71.47474716416555,85.97704280680748,0.54624933,0.959287,,2025-05-31 06:27:30.474584+00:00,20250531
126716,iic,S25A_may_11,2025-05-30 20:18:45.329864-10:00,47507.0,12,0,98,449.999252319336,779.85345,961.3874,362.97427,,0x60d386f298c53f1d,168.87490054677585,71.1969369413889,79.5769896918747,0.55775815,0.96008325,,2025-05-31 06:18:45.329864+00:00,20250531
126715,iic,S25A_may_11,2025-05-30 20:09:57.497965-10:00,47507.0,12,0,99,450.0,631.60657,797.63055,323.45013,,0x60d386f298c53f1d,162.32399071161473,70.68140365370554,73.4351634116628,0.6303856,0.94158673,,2025-05-31 06:09:57.497965+00:00,20250531
126714,iic,S25A_may_11,2025-05-30 20:01:08.585396-10:00,47507.0,12,0,98,450.00074768066406,749.40894,816.7876,380.60892,,0x60d386f298c53f1d,156.16790802466687,69.94733064912903,67.68755115954404,0.5782225,0.9251792,,2025-05-31 06:01:08.585396+00:00,20250531
